Model,MAE,RMSE,MAPE
Prophet,7063.932493025169,8615.532424258832,6.464544663861297
SARIMA,58282.6857322793,71490.83818579647,53.46880367427204
XGBoost,82.34845170454422,114.00417542180293,0.07635189559390908
